<?xml version="1.0" encoding="UTF-8"?>
<services xmlns="http://www.demandware.com/xml/impex/services/2014-09-26">
    <service-credential service-credential-id="annexcloud.http.loyaltyProgram.cred">
        <url>https://s15.socialannex.net/api</url>
        <user-id/>
        <password masked="true">********</password>
    </service-credential>

    <service-profile service-profile-id="annexcloud.http.loyaltyProgram.prof">
        <timeout-millis>5000</timeout-millis>
        <rate-limit-enabled>true</rate-limit-enabled>
        <rate-limit-calls>10000</rate-limit-calls>
        <rate-limit-millis>1000</rate-limit-millis>
        <cb-enabled>false</cb-enabled>
        <cb-calls>0</cb-calls>
        <cb-millis>0</cb-millis>
    </service-profile>

    <service service-id="annexcloud.http.loyaltyProgram.post">
        <service-type>HTTP</service-type>
        <enabled>true</enabled>
        <log-prefix/>
        <comm-log-enabled>false</comm-log-enabled>
        <force-prd-enabled>false</force-prd-enabled>
        <mock-mode-enabled>false</mock-mode-enabled>
        <profile-id>annexcloud.http.loyaltyProgram.prof</profile-id>
        <credential-id>annexcloud.http.loyaltyProgram.cred</credential-id>
    </service>

</services>
